Search Engine,Mean(P@4)
SE_1,0.2840909090909091
SE_2,0.2058080808080808
SE_3,0.28914141414141414
